<?xml version="1.0" encoding="utf-8"?>
<extension
	type="module"
	version="3.1"
	client="site">
	<name>MOD_FEEDBACK_TITLE</name>
	<author>CB9TOIIIA</author>
	<creationDate>November 2015</creationDate>
	<license>GNU General Public License version 2 or later; see LICENSE.txt</license>
	<authorEmail>cb9toiiia@gmail.com</authorEmail>
	<authorUrl>http://cb9t.ru</authorUrl>
	<version>3.0.0</version>
	<description>MOD_FEEDBACK_XML_DESCRIPTION</description>
	<files>
		<filename module="mod_rubrika">mod_rubrika.php</filename>
		<filename>index.html</filename>
		<folder>tmpl</folder>
	</files>
	<languages>
		<language tag="en-GB">en-GB.mod_rubrika.ini</language>
		<language tag="en-GB">en-GB.mod_rubrika.sys.ini</language>
	</languages>

	<config>
		<fields name="params">
			<fieldset name="basic">
				 <field name="title1" type="text" default="" label="Введите словосочетание" description="" size="30" />
				 <field name="title2" type="text" default="" label="Введите словосочетание" description="" size="30" />
				 <field name="title3" type="text" default="" label="Введите словосочетание" description="" size="30" />
				 <field name="title4" type="text" default="" label="Введите словосочетание" description="" size="30" />
				 <field name="title5" type="text" default="" label="Введите словосочетание" description="" size="30" />
				 <field name="title6" type="text" default="" label="Введите словосочетание" description="" size="30" />
				 <field name="title7" type="text" default="" label="Введите словосочетание" description="" size="30" />
				 <field name="title8" type="text" default="" label="Введите словосочетание" description="" size="30" />
				 <field name="title9" type="text" default="" label="Введите словосочетание" description="" size="30" />
				<field name="title10" type="text" default="" label="Введите словосочетание" description="" size="30" />
			</fieldset>
			<fieldset
				name="advanced">
				<field
					name="layout"
					type="modulelayout"
					label="JFIELD_ALT_LAYOUT_LABEL"
					description="JFIELD_ALT_MODULE_LAYOUT_DESC" />

				<field
					name="moduleclass_sfx"
					type="textarea" rows="3"
					label="COM_MODULES_FIELD_MODULECLASS_SFX_LABEL"
					description="COM_MODULES_FIELD_MODULECLASS_SFX_DESC" />

				<field
					name="cache"
					type="list"
					default="1"
					label="COM_MODULES_FIELD_CACHING_LABEL"
					description="COM_MODULES_FIELD_CACHING_DESC">
					<option
						value="1">JGLOBAL_USE_GLOBAL</option>
					<option
						value="0">COM_MODULES_FIELD_VALUE_NOCACHING</option>
				</field>

				<field
					name="cache_time"
					type="text"
					default="900"
					label="COM_MODULES_FIELD_CACHE_TIME_LABEL"
					description="COM_MODULES_FIELD_CACHE_TIME_DESC" />
				<field
					name="cachemode"
					type="hidden"
					default="static">
					<option
						value="static"></option>
				</field>
			</fieldset>
		</fields>
	</config>
</extension>
